Matric Number,Success?,Timing (seconds),Number of Steps
A0123456Z,True,1.8624672889709473,44
A6543210Z,True,1.6481959819793701,44
