Matric Number,Success?,Timing (seconds),Number of Steps
A0123456Z,False,5.055989027023315,0
A6543210Z,True,1.5485382080078125,18
